keys,en,tr
HUD_VAULT,VAULT %d,KASA %d
HUD_VAULT_GOLDEN,GOLDEN VAULT %d,ALTIN KASA %d
HUD_MARKET,Market,Pazar
HUD_MARKET_COUNT,Market (%d),Pazar (%d)
HUD_STASH,STASH  $%d,ZULA  $%d
QUEST_PERCENT,%d%%,%%%d
GRADE_PERFECT,PERFECT,MÜKEMMEL
GRADE_GOOD,GOOD,İYİ
GRADE_NEAR_MISS,SO CLOSE,KIL PAYI
GRADE_MISS,MISS,ISKA
JACKPOT,JACKPOT,BÜYÜK İKRAMİYE
VR_X2,x2,x2
VR_X3,x3,x3
VR_X5,x5,x5
VR_X8,x8,x8
COUNTDOWN_GO,GO,BAŞLA
CARD_CRACKED,VAULT %d CRACKED,KASA %d AÇILDI
CARD_CAUGHT,BUSTED,YAKALANDIN
CARD_RETRY_SUB,Vault %d  ·  the loot is still inside,Kasa %d  ·  ganimet hâlâ içeride
CARD_NEXT,NEXT VAULT,SONRAKİ KASA
CARD_RETRY,TRY AGAIN,TEKRAR DENE
CARD_X3,3x LOOT,3x GANİMET
CARD_X3_AUTO,3x loot auto-claimed,3x ganimet otomatik alındı
CARD_X3_CLAIMED,3x loot claimed,3x ganimet alındı
CARD_NEW_LOOT,NEW LOOT: %s,YENİ GANİMET: %s
CARD_NEXT_LOOT,Next loot: %s  (%d/%d),Sıradaki ganimet: %s  (%d/%d)
CARD_SHELF_FULL,Hideout shelf complete,Saklanma evi rafı tamam
REVIVE_TITLE,THE COPS ARE HERE,POLİS GELDİ
REVIVE_BODY,Three strikes at vault %d.,%d numaralı kasada üçüncü alarm.
REVIVE_PINS,%d / %d pins already seated. Don't lose them.,%d / %d pim yerine oturdu. Kaybetme.
REVIVE_PROMPT,Pay them off and keep cracking.,Rüşveti ver ve kırmaya devam et.
REVIVE_WATCH,BRIBE THE COPS,POLİSE RÜŞVET VER
REVIVE_SKIP,GET CAUGHT,YAKALAN
REVIVE_LOADING,Loading ad…,Reklam yükleniyor…
SETTINGS_TITLE,SETTINGS,AYARLAR
SETTINGS_LANGUAGE,Language,Dil
SETTINGS_SOUND,Sound,Ses
SETTINGS_VIBRATION,Vibration,Titreşim
SETTINGS_AUTO_TAP,Auto-Crack,Oto-Kırma
SETTINGS_CLOSE,Close,Kapat
MARKET_TITLE,MARKET,PAZAR
MARKET_BALANCE,$%d,$%d
MARKET_PASSIVE,The crew keeps stealing while you're away.,Sen yokken ekip çalmaya devam eder.
MARKET_HIDEOUT,Hideout  ·  %d / %d loot items,Saklanma evi  ·  %d / %d ganimet
MARKET_LEVEL,Lv %d,Sv %d
MARKET_COST,$%d,$%d
MARKET_CREW_NAME,Crew,Ekip
MARKET_CREW_EFFECT,Steals cash while the app is closed. Bigger crew; bigger stash.,Uygulama kapalıyken para çalar. Ekip büyüdükçe zula büyür.
MARKET_GLOVES_NAME,Pro Gloves,Pro Eldiven
MARKET_GLOVES_EFFECT,"Wider Perfect slice, bigger gold bursts.","Daha geniş Perfect dilimi, daha büyük altın patlaması."
MARKET_SKIN_STEEL,Steel Dial,Çelik Kadran
MARKET_SKIN_GOLD,Gold Dial,Altın Kadran
MARKET_SKIN_OBSIDIAN,Obsidian Dial,Obsidyen Kadran
MARKET_SKIN_EFFECT,Changes the vault face and the tumbler glow.,Kasa kapağını ve kilit piminin ışığını değiştirir.
MARKET_SKIN_EQUIP,Equip,Kuşan
MARKET_SKIN_EQUIPPED,Equipped,Kuşanıldı
MARKET_CLOSE,Close,Kapat
CLAIM_MARKET,Market,Pazar
CLAIM_TITLE,CREW STASH,EKİP ZULASI
CLAIM_AMOUNT,+$%d,+$%d
CLAIM_BODY,Your crew kept stealing while you were gone.,Sen yokken ekibin çalmaya devam etti.
CLAIM_BUTTON,Grab the stash,Zulayı Al
CLAIM_LATER,Later,Sonra
VAULT_PIGGY,Piggy Bank,Kumbara
VAULT_OFFICE,Office Safe,Ofis Kasası
VAULT_BANK,Bank Vault,Banka Kasası
VAULT_MUSEUM,Museum Vault,Müze Kasası
VAULT_CASINO,Casino Vault,Kumarhane Kasası
VAULT_FORT,Fort Knox,Fort Knox
VAULT_GOLDEN,GOLDEN VAULT  ·  2x loot,ALTIN KASA  ·  2x ganimet
LOOT_CASH,Cash Stack,Para Destesi
LOOT_GOLD,Gold Bar,Altın Külçe
LOOT_DIAMOND,Diamond,Elmas
LOOT_PAINTING,Painting,Tablo
LOOT_TROPHY,Trophy,Kupa
LOOT_WATCH,Gold Watch,Altın Saat
LOOT_CROWN,Crown,Taç
LOOT_CAR,Sports Car,Spor Araba
LOOT_YACHT,Yacht,Yat
LOOT_JET,Private Jet,Özel Jet
LOOT_ISLAND,Island,Ada
LOOT_MOONROCK,Moon Rock,Ay Taşı
